/*Insert Row into Author-Table*/

INSERT INTO L_AUTHOR(AUTHOR_ID,AUTHOR_NAME,ADDRESS,EMAILID,PHONE)
  VALUES('A101','Krystal ADCOCK  ','12-1260 ROOSERVELT NY-113352','krystal23@gmail.com',800-399-6716);
  
INSERT INTO L_AUTHOR(AUTHOR_ID,AUTHOR_NAME,ADDRESS,EMAILID,PHONE)
  VALUES('A102','Krish PATEL','7-260 Collegepoint NY-113351','krish@gmail.com',203-395-6719);  
  
INSERT INTO L_AUTHOR(AUTHOR_ID,AUTHOR_NAME,ADDRESS,EMAILID,PHONE)
  VALUES('A103','Elisha BRAMSON','137-54 ROOSERVELT NY-113353','Elisha87@hotmail.com',403-366-3082);  
  
INSERT INTO L_AUTHOR(AUTHOR_ID,AUTHOR_NAME,ADDRESS,EMAILID,PHONE)
  VALUES('A104','Herry COLBERT','72-901 MORRISSON NY-113357','herry1992@gmail.com',203-711-0028); 
  
INSERT INTO L_AUTHOR(AUTHOR_ID,AUTHOR_NAME,ADDRESS,EMAILID,PHONE)
  VALUES('A105','Ruhi VILLIUMS','APT#12 - 200 MORRISSON NY-103256','ruhv9010@gmail.com',347-546-7476); 
  
INSERT INTO L_AUTHOR(AUTHOR_ID,AUTHOR_NAME,ADDRESS,EMAILID,PHONE)
  VALUES('A106','Shreya Agrwal','78-272 Kashtoori IN-231546','sagrwal0909@gmail.com',882-541-0095); 
commit;  
SAVEPOINT;  

/*Insert into Department Table*/

INSERT INTO L_DEPARTMENT(DEPTID,deptname,studentid,staffid)
  VALUES('D101','COMPUTER SCIENCE','S001','11'); 
  
INSERT INTO L_DEPARTMENT(DEPTID,deptname,studentid,staffid)
  VALUES('D102','ELECTRICAL','S004','55');  
  
INSERT INTO L_DEPARTMENT(DEPTID,deptname,studentid,staffid)
  VALUES('D103','AUTOMOBILE','S002','33');   
  
INSERT INTO L_DEPARTMENT(DEPTID,deptname,studentid,staffid)
  VALUES('D104','CIVIL','S003','22');   
  
INSERT INTO L_DEPARTMENT(DEPTID,deptname,studentid,staffid)
  VALUES('D105','INFORMATION TECHNOLOGY','S005','44');   
  
INSERT INTO L_DEPARTMENT(DEPTID,deptname,studentid,staffid)
  VALUES('D106','COMPUTER SCIENCE','S002','66');   
  
INSERT INTO L_DEPARTMENT(DEPTID,deptname,studentid,staffid)
  VALUES('D107','AUTOMOBILE','S008','55');   
  
/*Insert values into Student Table*/  

INSERT INTO L_STUDENT(STUDENTID,FNAME,LNAME,BIRTHDATE,ADDRESS,EMAILID,MOBILENUM,DEPTID,CURRENTYEAR,SECURITY_Q,SECURITY_A,REGI_DATE,USER_TYPE,STAFFID)
  VALUES('S001','Devika','Soni','09-March-1990','8 jagatnathnagar G-234756','devika99@gmail.com',987-825-6378,'D104','3rd Year','What is your favorite movie?','Dhadkan','08-JAN-2014','ST','22');
  
INSERT INTO L_STUDENT(STUDENTID,FNAME,LNAME,BIRTHDATE,ADDRESS,EMAILID,MOBILENUM,DEPTID,CURRENTYEAR,SECURITY_Q,SECURITY_A,REGI_DATE,USER_TYPE,STAFFID)
  VALUES('S002','Vivan','Vangdu','09-APRIL-1992','12-098 Moneroe NJ-234809','vivan09@hotmail.com',302-567-7867,'D101','2nd Year','What is your favorite movie?','HARRY POTTER','08-JAN-2015','ST','66');    
  
  
INSERT INTO L_STUDENT(STUDENTID,FNAME,LNAME,BIRTHDATE,ADDRESS,EMAILID,MOBILENUM,DEPTID,CURRENTYEAR,SECURITY_Q,SECURITY_A,REGI_DATE,USER_TYPE,STAFFID)
  VALUES('S003','Stafeny','Frendosi','10-JUNE-1991','81-235 Flushing NY-11353','Stafeny7878@gmail.com',890-638-0090,'D102','4th Year','What is your favorite movie?','Iron Man','08-JAN-2013','ST','44');  

INSERT INTO L_STUDENT(STUDENTID,FNAME,LNAME,BIRTHDATE,ADDRESS,EMAILID,MOBILENUM,DEPTID,CURRENTYEAR,SECURITY_Q,SECURITY_A,REGI_DATE,USER_TYPE,STAFFID)
  VALUES('S004','Susan','Akhtar','05-MAY-1994','90-278 Heliot CT-89024','Susan05@hotmail.com',203-098-8976,'D105','2nd Year','What is your favorite movie?','The Hero','09-JAN-2015','ST','55');  

  
INSERT INTO L_STUDENT(STUDENTID,FNAME,LNAME,BIRTHDATE,ADDRESS,EMAILID,MOBILENUM,DEPTID,CURRENTYEAR,SECURITY_Q,SECURITY_A,REGI_DATE,USER_TYPE,STAFFID)
  VALUES('S005','Greek','Joseph','18-FEB-1990','13-293 Lettin CI-902637','mesook90@gmail.com',809-030-0040,'D103','2nd Year','What is your favorite movie?','Sixteen','08-MARCH-2013','ST','22');


INSERT INTO L_STUDENT(STUDENTID,FNAME,LNAME,BIRTHDATE,ADDRESS,EMAILID,MOBILENUM,DEPTID,CURRENTYEAR,SECURITY_Q,SECURITY_A,REGI_DATE,USER_TYPE,STAFFID)
  VALUES('S006','Avani','Bhatt','20-OCT-1993','A-78 Maninagar GJ-23489','avanip20@gmail.com',347-648-0070,'D101','3rd Year','What is your favorite movie?','Aevengers','08-JAN-2014','ST','88');  

INSERT INTO L_STUDENT(STUDENTID,FNAME,LNAME,BIRTHDATE,ADDRESS,EMAILID,MOBILENUM,DEPTID,CURRENTYEAR,SECURITY_Q,SECURITY_A,REGI_DATE,USER_TYPE,STAFFID)
  VALUES('S007','Neel','Patel','14-NOV-1990','9-56 Franklin NY-80354','neel90@hotmail.com',375-798-2040,'D104','2nd Year','What is your favorite movie?','Kick','20-MARCH-2015','ST','77');  
  
INSERT INTO L_STUDENT(STUDENTID,FNAME,LNAME,BIRTHDATE,ADDRESS,EMAILID,MOBILENUM,DEPTID,CURRENTYEAR,SECURITY_Q,SECURITY_A,REGI_DATE,USER_TYPE,STAFFID)
  VALUES('S008','Janki','Patel','24-MAY-1995','38-345 Huston street-783261','janki.patel@gmail.com',203-040-0070,'D103','2nd Year','What is your favorite movie?','Jannat','24-MARCH-2014','ST','33');


INSERT INTO L_STUDENT(STUDENTID,FNAME,LNAME,BIRTHDATE,ADDRESS,EMAILID,MOBILENUM,DEPTID,CURRENTYEAR,SECURITY_Q,SECURITY_A,REGI_DATE,USER_TYPE,STAFFID)
  VALUES('S009','Bhumit','Patel','12-JAN-1994','20-4567 STORY AVE.-783261','bhumit.patel@gmail.com',347-980-0643,'D103','3rd Year','What is your favorite movie?','Jack-port','20-MARCH-2013','ST','11');
   
commit;    
  
savepoint;

/*Insert into Staff-Member Table*/

INSERT INTO L_STAFF(STAFFID,FNAME,LNAME,BIRTHDATE,ADDRESS,EMAILID,MOBILENUM,DEPTID,SECURITY_Q,SECURITY_A,REGI_DATE,USER_TYPE)
  VALUES('88','Avani','Bhatt','20-OCT-1993','A-78 Maninagar GJ-23489','avanip20@gmail.com',347-648-0070,'D101','What is your favorite colour?','Yellow','18-JAN-2015','SM');  
  COMMIT;
INSERT INTO L_STAFF(STAFFID,FNAME,LNAME,BIRTHDATE,ADDRESS,EMAILID,MOBILENUM,DEPTID,SECURITY_Q,SECURITY_A,REGI_DATE,USER_TYPE)
  VALUES('11','Jeet','Patel','12-JAN-1985','16-384 Georejiya-11633','jeet89@gmail.com',901-567-8690,'D103','What is your favorite colour?','Green','08-JAN-2013','SM');
  
INSERT INTO L_STAFF(STAFFID,FNAME,LNAME,BIRTHDATE,ADDRESS,EMAILID,MOBILENUM,DEPTID,SECURITY_Q,SECURITY_A,REGI_DATE,USER_TYPE)
  VALUES('22','Nilakshi','Patel','01-Dec-1986','23-485 Hudson-23894','Nilakshi86@hotmail.com',981-754-0090,'D101','What is your favorite colour?','PINK','08-JAN-2011','SM');  
  
INSERT INTO L_STAFF(STAFFID,FNAME,LNAME,BIRTHDATE,ADDRESS,EMAILID,MOBILENUM,DEPTID,SECURITY_Q,SECURITY_A,REGI_DATE,USER_TYPE)
  VALUES('77','Neel','Patel','14-NOV-1990','9-56 Franklin NY-80354','neel90@hotmail.com',375-798-2040,'D104','What is your favorite colour?','Blue','12-MARCH-2014','SM');  
    
  
INSERT INTO L_STAFF(STAFFID,FNAME,LNAME,BIRTHDATE,ADDRESS,EMAILID,MOBILENUM,DEPTID,SECURITY_Q,SECURITY_A,REGI_DATE,USER_TYPE)
  VALUES('33','Riya','Shah','14-Feb-1988','16-432 Texas-89046','riya@gmail.com',201-426-9060,'D105','What is your favorite colour?','Red','08-JAN-2012','SM');  
  
INSERT INTO L_STAFF(STAFFID,FNAME,LNAME,BIRTHDATE,ADDRESS,EMAILID,MOBILENUM,DEPTID,SECURITY_Q,SECURITY_A,REGI_DATE,USER_TYPE)
  VALUES('44','Kenia','Freck','14-JULY-1985','7-290 NJ-097835','kenia85@hotmail.com',203-402-0030,'D102','What is your favorite colour?','Broun','20-JAN-2013','SM');
  
INSERT INTO L_STAFF(STAFFID,FNAME,LNAME,BIRTHDATE,ADDRESS,EMAILID,MOBILENUM,DEPTID,SECURITY_Q,SECURITY_A,REGI_DATE,USER_TYPE)
  VALUES('55','Dhwani','Bhatt','21-NOV-1989','88 Columbia-087688','dhanno89@gmail.com',374-678-5409,'D104','What is your favorite colour?','Purpal','24-JUN-2012','SM');  
  
INSERT INTO L_STAFF(STAFFID,FNAME,LNAME,BIRTHDATE,ADDRESS,EMAILID,MOBILENUM,DEPTID,SECURITY_Q,SECURITY_A,REGI_DATE,USER_TYPE)
  VALUES('66','Payal','Shah','28-NOV-1989','790-43 Verginia - 324670','payu88@hotmail.com',204-986-8950,'D101','What is your favorite colour?','Yellow','24-JUN-2012','SM'); 
  
commit;

/*Enter the values into Publisher Table*/

INSERT INTO L_PUBLISHER(publisher_id,pub_name,pub_year,edition,address,phone_num,emailid)
  VALUES('P201','PEARSON',2010,'10th','NewYork',347-546-0503,'scott.overland@pearson.com');
  
INSERT INTO L_PUBLISHER(publisher_id,pub_name,pub_year,edition,address,phone_num,emailid)
  VALUES('P202','CambridgeUniversity',2011,'5th','United Kingdom',422-335-8331,'information@cambridge.org'); 
  
INSERT INTO L_PUBLISHER(publisher_id,pub_name,pub_year,edition,address,phone_num,emailid)
  VALUES('P203','Heinle',2008,'2nd','Singapore 556741',302-643-7350,' asia.info@cengage.com'); 
  
INSERT INTO L_PUBLISHER(publisher_id,pub_name,pub_year,edition,address,phone_num,emailid)
  VALUES('P204','Compass Publishing',2010,'3rd','Korea',303-926-9354,' info@compasspub.com'); 
  
INSERT INTO L_PUBLISHER(publisher_id,pub_name,pub_year,edition,address,phone_num,emailid)
  VALUES('P205','Delta Publishing',2007,'1st','Surrey GU5 9SW UK',204-809-2001,' Not Available');   
  
commit;

/* Inser into Issue-details Table */

INSERT INTO L_ISSUEDETAILS(ISSUENUM,ISSUE_DATE,BOOKNUM,DUE_DATE,RETURN_DATE,STUDENTID,STAFFID,DEPTID)
  VALUES('I1001','01-APRIL-2016','901','23-APRIL-2016','02-APRIL-2016','S001','22','D104');
    
INSERT INTO L_ISSUEDETAILS(ISSUENUM,ISSUE_DATE,BOOKNUM,DUE_DATE,RETURN_DATE,STUDENTID,STAFFID,DEPTID)
  VALUES('I1002','11-MARCH-2016','904','02-APRIL-2016','22-MARCH-2016','S004','33','D101');  
  
INSERT INTO L_ISSUEDETAILS(ISSUENUM,ISSUE_DATE,BOOKNUM,DUE_DATE,RETURN_DATE,STUDENTID,STAFFID,DEPTID)
  VALUES('I1003','01-FEB-2016','901','23-FEB-2016','20-FEB-2016','S002','11','D102');  
  
INSERT INTO L_ISSUEDETAILS(ISSUENUM,ISSUE_DATE,BOOKNUM,DUE_DATE,RETURN_DATE,STUDENTID,STAFFID,DEPTID)
  VALUES('I1004','19-FEB-2016','905','10-MARCH-2016','05-MARCH-2016','S007','55','D105');  
  
INSERT INTO L_ISSUEDETAILS(ISSUENUM,ISSUE_DATE,BOOKNUM,DUE_DATE,RETURN_DATE,STUDENTID,STAFFID,DEPTID)
  VALUES('I1005','01-APRIL-2016','902','23-APRIL-2016','02-APRIL-2016','S002','44','D103');  
  
INSERT INTO L_ISSUEDETAILS(ISSUENUM,ISSUE_DATE,BOOKNUM,DUE_DATE,RETURN_DATE,STUDENTID,STAFFID,DEPTID)
  VALUES('I1006','01-APRIL-2016','905','23-APRIL-2016','02-APRIL-2016','S001','22','D104');  
  
INSERT INTO L_ISSUEDETAILS(ISSUENUM,ISSUE_DATE,BOOKNUM,DUE_DATE,RETURN_DATE,STUDENTID,STAFFID,DEPTID)
  VALUES('I1007','01-APRIL-2016','903','23-APRIL-2016','24-APRIL-2016','S003','33','D103');  
  
INSERT INTO L_ISSUEDETAILS(ISSUENUM,ISSUE_DATE,BOOKNUM,DUE_DATE,RETURN_DATE,STUDENTID,STAFFID,DEPTID)
  VALUES('I1008','20-FEB-2016','901','12-MARCH-2016','07-MARCH-2016','S006','66','D107');  
  
COMMIT;


    